{"cameraMode":{"drawMode":0,"name":"Shaded","section":"Shading Mode"},"sceneLighting":true,"audioPlay":false,"sceneViewState":{"m_AlwaysRefresh":false,"showFog":true,"showSkybox":true,"showFlares":true,"showImageEffects":true,"showParticleSystems":true,"showVisualEffectGraphs":true,"m_FxEnabled":true},"in2DMode":false,"pivot":{"x":-0.18285655975341798,"y":1.9351749420166016,"z":0.16563701629638673},"rotation":{"x":-0.1450110375881195,"y":0.8548628687858582,"z":-0.34423157572746279,"w":-0.3601202964782715},"size":8.855195999145508,"orthographic":false}